{
    "serial_number": 66454822,
    "color": "Blue",
    "weight": 45,
    "mass": 1.3986448685273825,
    "unstretched_length": 55.5,
    "force_at_300_elongation": 530.0,
    "number_of_jumps": 52,
    "fit_and_validate_results": [
        {
            "cord_serial_number": 66454822,
            "fitting_params": {
                "spring_constant": 3.998674363189891,
                "damping_constant": 0.008302676017690806,
                "air_resistance_coefficient": 7.911413535247693e-07,
                "constant_force": 0.00013810515327658762,
                "k_had_break": 1.977919296639942e-15,
                "k_num_uses": -1.1370754850441124e-08
            },
            "num_jumps_trained_on": 41,
            "MAE_from_random_validation": 1.9139841380439815,
            "MSE_from_random_validation": 4.41894122442411,
            "num_jumps_validated_on": 10
        },
        {
            "cord_serial_number": 66454822,
            "fitting_params": {
                "spring_constant": 4.432232823535193,
                "damping_constant": 0.0035675673262077915,
                "air_resistance_coefficient": 2.5872790721179593e-05,
                "constant_force": 0.00029796802278607974,
                "k_had_break": 1.971294227664948e-14,
                "k_num_uses": -0.00016935938291014324
            },
            "num_jumps_trained_on": 41,
            "MAE_from_random_validation": 3.1677066494100075,
            "MSE_from_random_validation": 15.27664833942248,
            "num_jumps_validated_on": 10
        },
        {
            "cord_serial_number": 66454822,
            "fitting_params": {
                "spring_constant": 4.083695928862777,
                "damping_constant": 0.006843480473851817,
                "air_resistance_coefficient": 8.075590581015705e-06,
                "constant_force": 0.00018138054309754743,
                "k_had_break": 1.6062976047170418e-14,
                "k_num_uses": -2.7770745926788895e-16
            },
            "num_jumps_trained_on": 41,
            "MAE_from_random_validation": 3.267979155103842,
            "MSE_from_random_validation": 16.312553369940975,
            "num_jumps_validated_on": 10
        },
        {
            "cord_serial_number": 66454822,
            "fitting_params": {
                "spring_constant": 3.992017374119107,
                "damping_constant": 0.008191155548851083,
                "air_resistance_coefficient": 1.3651168530913056e-09,
                "constant_force": 1.1473388920206637e-07,
                "k_had_break": 3.919815835520828e-15,
                "k_num_uses": -7.473375128663051e-18
            },
            "num_jumps_trained_on": 41,
            "MAE_from_random_validation": 2.282511220796981,
            "MSE_from_random_validation": 7.347758179318246,
            "num_jumps_validated_on": 10
        },
        {
            "cord_serial_number": 66454822,
            "fitting_params": {
                "spring_constant": 4.0304191294364085,
                "damping_constant": 0.007821281844634202,
                "air_resistance_coefficient": 5.0098492964128675e-08,
                "constant_force": 2.2470663666709802e-08,
                "k_had_break": 1.1024933924650766e-14,
                "k_num_uses": -4.4678495053499406e-18
            },
            "num_jumps_trained_on": 41,
            "MAE_from_random_validation": 3.515417654620845,
            "MSE_from_random_validation": 23.517422513701806,
            "num_jumps_validated_on": 10
        }
    ]
}