{
    "serial_number": 66094822,
    "color": "Blue",
    "weight": 45,
    "mass": 1.3986448685273825,
    "unstretched_length": 56.0,
    "force_at_300_elongation": 520.0,
    "number_of_jumps": 195,
    "fit_and_validate_results": [
        {
            "cord_serial_number": 66094822,
            "fitting_params": {
                "spring_constant": 3.7685114278621885,
                "damping_constant": 0.010190613097498656,
                "air_resistance_coefficient": 9.265279811360297e-06,
                "constant_force": 0.00011502630295388635,
                "k_had_break": 1.4190417764364992e-11,
                "k_num_uses": -0.00015074664216826653
            },
            "num_jumps_trained_on": 156,
            "MAE_from_random_validation": 1.8316300180577638,
            "MSE_from_random_validation": 5.01824371692887,
            "num_jumps_validated_on": 39
        },
        {
            "cord_serial_number": 66094822,
            "fitting_params": {
                "spring_constant": 3.855269263724691,
                "damping_constant": 0.009095378812732731,
                "air_resistance_coefficient": 5.5927479047946626e-06,
                "constant_force": 1.1563081194534107e-05,
                "k_had_break": 1.8194190770336557e-12,
                "k_num_uses": -0.00016690961845969277
            },
            "num_jumps_trained_on": 156,
            "MAE_from_random_validation": 1.9775231479265318,
            "MSE_from_random_validation": 5.47946356591572,
            "num_jumps_validated_on": 39
        },
        {
            "cord_serial_number": 66094822,
            "fitting_params": {
                "spring_constant": 3.8938637212195815,
                "damping_constant": 0.008466047826202869,
                "air_resistance_coefficient": 9.875039022194809e-14,
                "constant_force": 3.1483490154466697e-09,
                "k_had_break": 2.497306407883311e-12,
                "k_num_uses": -0.00016172538364676566
            },
            "num_jumps_trained_on": 156,
            "MAE_from_random_validation": 2.258568313208094,
            "MSE_from_random_validation": 8.385603057540887,
            "num_jumps_validated_on": 39
        }
    ]
}