{
    "serial_number": 66094822,
    "batch": "180432",
    "color": "Blue",
    "weight": 45,
    "mass": 1.3986448685273825,
    "unstretched_length": 56.0,
    "force_at_300_elongation": 520.0,
    "number_of_jumps": 195,
    "fit_and_validate_results": [
        {
            "cord_serial_number": 66094822,
            "fitting_params": {
                "spring_constant": 3.7685114278621885,
                "damping_constant": 0.010190613097498656,
                "air_resistance_coefficient": 9.265279811360297e-06,
                "constant_force": 0.00011502630295388635,
                "k_had_break": 1.4190417764364992e-11,
                "k_num_uses": -0.00015074664216826653
            },
            "num_jumps_trained_on": 156,
            "MAE_from_random_validation": 1.8316300180577638,
            "MSE_from_random_validation": 5.01824371692887,
            "num_jumps_validated_on": 39
        },
        {
            "cord_serial_number": 66094822,
            "fitting_params": {
                "spring_constant": 3.855269263724691,
                "damping_constant": 0.009095378812732731,
                "air_resistance_coefficient": 5.5927479047946626e-06,
                "constant_force": 1.1563081194534107e-05,
                "k_had_break": 1.8194190770336557e-12,
                "k_num_uses": -0.00016690961845969277
            },
            "num_jumps_trained_on": 156,
            "MAE_from_random_validation": 1.9775231479265318,
            "MSE_from_random_validation": 5.47946356591572,
            "num_jumps_validated_on": 39
        },
        {
            "cord_serial_number": 66094822,
            "fitting_params": {
                "spring_constant": 3.8938637212195815,
                "damping_constant": 0.008466047826202869,
                "air_resistance_coefficient": 9.875039022194809e-14,
                "constant_force": 3.1483490154466697e-09,
                "k_had_break": 2.497306407883311e-12,
                "k_num_uses": -0.00016172538364676566
            },
            "num_jumps_trained_on": 156,
            "MAE_from_random_validation": 2.258568313208094,
            "MSE_from_random_validation": 8.385603057540887,
            "num_jumps_validated_on": 39
        },
        {
            "cord_serial_number": 66094822,
            "fitting_params": {
                "spring_constant": 3.815402200283842,
                "damping_constant": 0.00952646514777264,
                "air_resistance_coefficient": 4.124147948891445e-12,
                "constant_force": 1.8764945087643747e-06,
                "k_had_break": 2.2613007360223793e-14,
                "k_num_uses": -0.00014871409948954444
            },
            "num_jumps_trained_on": 156,
            "MAE_from_random_validation": 1.8003167834257003,
            "MSE_from_random_validation": 4.866211460107072,
            "num_jumps_validated_on": 39
        },
        {
            "cord_serial_number": 66094822,
            "fitting_params": {
                "spring_constant": 3.8393309794821495,
                "damping_constant": 0.009330795353521236,
                "air_resistance_coefficient": 1.359441522405068e-07,
                "constant_force": 0.00021938237619114674,
                "k_had_break": 4.874621202731879e-16,
                "k_num_uses": -0.00017336301643391215
            },
            "num_jumps_trained_on": 156,
            "MAE_from_random_validation": 1.6578096027601517,
            "MSE_from_random_validation": 6.041476322052959,
            "num_jumps_validated_on": 39
        },
        {
            "cord_serial_number": 66094822,
            "fitting_params": {
                "spring_constant": 3.846741317860016,
                "damping_constant": 0.009210833077895374,
                "air_resistance_coefficient": 1.056794669684115e-05,
                "constant_force": 0.0011280547775584637,
                "k_had_break": 1.1708554226828998e-14,
                "k_num_uses": -0.00015387610603251602
            },
            "num_jumps_trained_on": 156,
            "MAE_from_random_validation": 2.0543235159031754,
            "MSE_from_random_validation": 7.009766922949335,
            "num_jumps_validated_on": 39
        },
        {
            "cord_serial_number": 66094822,
            "fitting_params": {
                "spring_constant": 3.852388305032404,
                "damping_constant": 0.00912198504543894,
                "air_resistance_coefficient": 1.3839956535221788e-11,
                "constant_force": 9.261676628683631e-08,
                "k_had_break": 1.068023558307557e-15,
                "k_num_uses": -0.0001612988796511774
            },
            "num_jumps_trained_on": 248,
            "MAE_from_random_validation": NaN,
            "MSE_from_random_validation": NaN,
            "num_jumps_validated_on": 62
        },
        {
            "cord_serial_number": 66094822,
            "fitting_params": {
                "spring_constant": 4.002476148975244,
                "damping_constant": 0.00703871521500314,
                "air_resistance_coefficient": 6.400986246052941e-09,
                "constant_force": 6.740134810545551e-05,
                "k_had_break": 1.0251457009130986e-13,
                "k_num_uses": -0.00014318152653749593
            },
            "num_jumps_trained_on": 62,
            "MAE_from_random_validation": 2.3816455879564797,
            "MSE_from_random_validation": 7.450801997304962,
            "num_jumps_validated_on": 31
        },
        {
            "cord_serial_number": 66094822,
            "fitting_params": {
                "spring_constant": 3.8529561693215113,
                "damping_constant": 0.00911538465044093,
                "air_resistance_coefficient": 1.9777568150502787e-06,
                "constant_force": 0.00015741470857150725,
                "k_had_break": 6.486754212045046e-14,
                "k_num_uses": -0.0001614414891076813
            },
            "num_jumps_trained_on": 248,
            "MAE_from_random_validation": NaN,
            "MSE_from_random_validation": NaN,
            "num_jumps_validated_on": 62
        },
        {
            "cord_serial_number": 66094822,
            "fitting_params": {
                "spring_constant": 3.8529561547982185,
                "damping_constant": 0.009115384850558388,
                "air_resistance_coefficient": 1.9777616704853664e-06,
                "constant_force": 0.00015741468347498102,
                "k_had_break": 6.459346291893953e-14,
                "k_num_uses": -0.00016144148935963914
            },
            "num_jumps_trained_on": 247,
            "MAE_from_random_validation": NaN,
            "MSE_from_random_validation": NaN,
            "num_jumps_validated_on": 61
        },
        {
            "cord_serial_number": 66094822,
            "fitting_params": {
                "spring_constant": 3.852388307647329,
                "damping_constant": 0.009121985006800674,
                "air_resistance_coefficient": 1.4654123206781503e-11,
                "constant_force": 9.26506321271709e-08,
                "k_had_break": 1.0221879765643077e-15,
                "k_num_uses": -0.00016129887925482348
            },
            "num_jumps_trained_on": 248,
            "MAE_from_random_validation": NaN,
            "MSE_from_random_validation": NaN,
            "num_jumps_validated_on": 62
        },
        {
            "cord_serial_number": 66094822,
            "fitting_params": {
                "spring_constant": 3.902038631791776,
                "damping_constant": 0.008612019215997703,
                "air_resistance_coefficient": 8.448686773022373e-10,
                "constant_force": 1.700457749366677e-07,
                "k_had_break": 1.9724406726874057e-14,
                "k_num_uses": -0.00017185858927512424
            },
            "num_jumps_trained_on": 156,
            "MAE_from_random_validation": 2.4485420195053487,