{
    "serial_number": 66104822,
    "batch": "180432",
    "color": "Blue",
    "weight": 45,
    "mass": 1.3986448685273825,
    "unstretched_length": 56.666666666666664,
    "force_at_300_elongation": 510.0,
    "number_of_jumps": 126,
    "fit_and_validate_results": [
        {
            "cord_serial_number": 66104822,
            "fitting_params": {
                "spring_constant": 3.721938829296654,
                "damping_constant": 0.01107107707306748,
                "air_resistance_coefficient": 2.0110055459083048e-05,
                "constant_force": 0.00014759775806074437,
                "k_had_break": 2.8221388512312154e-14,
                "k_num_uses": -8.077433194616806e-05
            },
            "num_jumps_trained_on": 100,
            "MAE_from_random_validation": 2.6545035597978073,
            "MSE_from_random_validation": 13.629974325682316,
            "num_jumps_validated_on": 25
        },
        {
            "cord_serial_number": 66104822,
            "fitting_params": {
                "spring_constant": 3.575162664651893,
                "damping_constant": 0.013259831768572872,
                "air_resistance_coefficient": 1.116268461442892e-06,
                "constant_force": 0.0015125936240338977,
                "k_had_break": 4.725237668279117e-14,
                "k_num_uses": -8.0540487571961e-05
            },
            "num_jumps_trained_on": 100,
            "MAE_from_random_validation": 2.6176810954299645,
            "MSE_from_random_validation": 14.781777081487524,
            "num_jumps_validated_on": 25
        },
        {
            "cord_serial_number": 66104822,
            "fitting_params": {
                "spring_constant": 3.79112733113122,
                "damping_constant": 0.01002229312450107,
                "air_resistance_coefficient": 1.4512574189393681e-05,
                "constant_force": 0.0039149993577659485,
                "k_had_break": 2.420047153503399e-14,
                "k_num_uses": -7.943272099855176e-05
            },
            "num_jumps_trained_on": 100,
            "MAE_from_random_validation": 1.7231118286344893,
            "MSE_from_random_validation": 5.254393752211988,
            "num_jumps_validated_on": 25
        },
        {
            "cord_serial_number": 66104822,
            "fitting_params": {
                "spring_constant": 3.696981873152644,
                "damping_constant": 0.011243717050684757,
                "air_resistance_coefficient": 1.2679623263110156e-08,
                "constant_force": 6.7292848310349255e-06,
                "k_had_break": 8.043120305726703e-16,
                "k_num_uses": -7.347793176414559e-05
            },
            "num_jumps_trained_on": 100,
            "MAE_from_random_validation": 2.6906493307126094,
            "MSE_from_random_validation": 12.995591187975778,
            "num_jumps_validated_on": 25
        },
        {
            "cord_serial_number": 66104822,
            "fitting_params": {
                "spring_constant": 3.64577632605207,
                "damping_constant": 0.012296490202932537,
                "air_resistance_coefficient": 1.944336391531631e-05,
                "constant_force": 2.8150953437170113e-05,
                "k_had_break": 3.9106508279237683e-14,
                "k_num_uses": -8.338299598963358e-05
            },
            "num_jumps_trained_on": 100,
            "MAE_from_random_validation": 2.0993085926269446,
            "MSE_from_random_validation": 8.567483475581419,
            "num_jumps_validated_on": 25
        },
        {
            "cord_serial_number": 66104822,
            "fitting_params": {
                "spring_constant": 3.7153520433735125,
                "damping_constant": 0.011130569944422481,
                "air_resistance_coefficient": 2.8252693827449485e-06,
                "constant_force": 0.028966992592254787,
                "k_had_break": 3.844064060951165e-14,
                "k_num_uses": -8.093377230006859e-05
            },
            "num_jumps_trained_on": 622,
            "MAE_from_random_validation": NaN,
            "MSE_from_random_validation": NaN,
            "num_jumps_validated_on": 155
        },
        {
            "cord_serial_number": 66104822,
            "fitting_params": {
                "spring_constant": 3.7153854274401605,
                "damping_constant": 0.011136562854800712,
                "air_resistance_coefficient": 1.2835853044859707e-06,
                "constant_force": 3.3342579544381826e-06,
                "k_had_break": 9.176484856580664e-15,
                "k_num_uses": -8.092662176829434e-05
            },
            "num_jumps_trained_on": 622,
            "MAE_from_random_validation": NaN,
            "MSE_from_random_validation": NaN,
            "num_jumps_validated_on": 155
        },
        {
            "cord_serial_number": 66104822,
            "fitting_params": {
                "spring_constant": 3.715536427906744,
                "damping_constant": 0.011131342509988667,
                "air_resistance_coefficient": 9.590179093210159e-07,
                "constant_force": 0.01392607880674951,
                "k_had_break": 4.008528795518298e-15,
                "k_num_uses": -8.093253549881982e-05
            },
            "num_jumps_trained_on": 621,
            "MAE_from_random_validation": NaN,
            "MSE_from_random_validation": NaN,
            "num_jumps_validated_on": 154
        },
        {
            "cord_serial_number": 66104822,
            "fitting_params": {
                "spring_constant": 3.7152443165909856,
                "damping_constant": 0.011133784969661534,
                "air_resistance_coefficient": 2.5239938073676123e-06,
                "constant_force": 0.021465720215997956,
                "k_had_break": 4.132801418834677e-15,
                "k_num_uses": -8.093101260153306e-05
            },
            "num_jumps_trained_on": 622,
            "MAE_from_random_validation": NaN,
            "MSE_from_random_validation": NaN,
            "num_jumps_validated_on": 155
        },
        {
            "cord_serial_number": 66104822,
            "fitting_params": {
                "spring_constant": 3.7919966083575476,
                "damping_constant": 0.009449152958085563,
                "air_resistance_coefficient": 6.085921670084583e-07,
                "constant_force": 8.623261722005477e-05,
                "k_had_break": 8.814299565587135e-14,
                "k_num_uses": -6.72638453299243e-05
            },
            "num_jumps_trained_on": 100,
            "MAE_from_random_validation": 3.0203334013224277,
            "MSE_from_random_validation": 16.972546107988656,
            "num_jumps_validated_on": 25
        }
    ]
}