{
    "serial_number": 66454822,
    "batch": "180432",
    "color": "Blue",
    "weight": 45,
    "mass": 1.3986448685273825,
    "unstretched_length": 55.5,
    "force_at_300_elongation": 530.0,
    "number_of_jumps": 52,
    "fit_and_validate_results": [
        {
            "cord_serial_number": 66454822,
            "fitting_params": {
                "spring_constant": 3.998674363189891,
                "damping_constant": 0.008302676017690806,
                "air_resistance_coefficient": 7.911413535247693e-07,
                "constant_force": 0.00013810515327658762,
                "k_had_break": 1.977919296639942e-15,
                "k_num_uses": -1.1370754850441124e-08
            },
            "num_jumps_trained_on": 41,
            "MAE_from_random_validation": 1.9139841380439815,
            "MSE_from_random_validation": 4.41894122442411,
            "num_jumps_validated_on": 10
        },
        {
            "cord_serial_number": 66454822,
            "fitting_params": {
                "spring_constant": 4.432232823535193,
                "damping_constant": 0.0035675673262077915,
                "air_resistance_coefficient": 2.5872790721179593e-05,
                "constant_force": 0.00029796802278607974,
                "k_had_break": 1.971294227664948e-14,
                "k_num_uses": -0.00016935938291014324
            },
            "num_jumps_trained_on": 41,
            "MAE_from_random_validation": 3.1677066494100075,
            "MSE_from_random_validation": 15.27664833942248,
            "num_jumps_validated_on": 10
        },
        {
            "cord_serial_number": 66454822,
            "fitting_params": {
                "spring_constant": 4.083695928862777,
                "damping_constant": 0.006843480473851817,
                "air_resistance_coefficient": 8.075590581015705e-06,
                "constant_force": 0.00018138054309754743,
                "k_had_break": 1.6062976047170418e-14,
                "k_num_uses": -2.7770745926788895e-16
            },
            "num_jumps_trained_on": 41,
            "MAE_from_random_validation": 3.267979155103842,
            "MSE_from_random_validation": 16.312553369940975,
            "num_jumps_validated_on": 10
        },
        {
            "cord_serial_number": 66454822,
            "fitting_params": {
                "spring_constant": 3.992017374119107,
                "damping_constant": 0.008191155548851083,
                "air_resistance_coefficient": 1.3651168530913056e-09,
                "constant_force": 1.1473388920206637e-07,
                "k_had_break": 3.919815835520828e-15,
                "k_num_uses": -7.473375128663051e-18
            },
            "num_jumps_trained_on": 41,
            "MAE_from_random_validation": 2.282511220796981,
            "MSE_from_random_validation": 7.347758179318246,
            "num_jumps_validated_on": 10
        },
        {
            "cord_serial_number": 66454822,
            "fitting_params": {
                "spring_constant": 4.0304191294364085,
                "damping_constant": 0.007821281844634202,
                "air_resistance_coefficient": 5.0098492964128675e-08,
                "constant_force": 2.2470663666709802e-08,
                "k_had_break": 1.1024933924650766e-14,
                "k_num_uses": -4.4678495053499406e-18
            },
            "num_jumps_trained_on": 41,
            "MAE_from_random_validation": 3.515417654620845,
            "MSE_from_random_validation": 23.517422513701806,
            "num_jumps_validated_on": 10
        },
        {
            "cord_serial_number": 66454822,
            "fitting_params": {
                "spring_constant": 4.067297573108534,
                "damping_constant": 0.007270240054602246,
                "air_resistance_coefficient": 7.32770285124045e-07,
                "constant_force": 0.0015064974454758035,
                "k_had_break": 2.1245783849888718e-14,
                "k_num_uses": -1.1821032965685484e-14
            },
            "num_jumps_trained_on": 79,
            "MAE_from_random_validation": NaN,
            "MSE_from_random_validation": NaN,
            "num_jumps_validated_on": 19
        },
        {
            "cord_serial_number": 66454822,
            "fitting_params": {
                "spring_constant": 4.067327893965127,
                "damping_constant": 0.007270165481173426,
                "air_resistance_coefficient": 5.671724508504151e-07,
                "constant_force": 0.0007662617028329221,
                "k_had_break": 8.616460599261858e-15,
                "k_num_uses": -2.8320239133466816e-15
            },
            "num_jumps_trained_on": 79,
            "MAE_from_random_validation": NaN,
            "MSE_from_random_validation": NaN,
            "num_jumps_validated_on": 19
        },
        {
            "cord_serial_number": 66454822,
            "fitting_params": {
                "spring_constant": 4.056817702568818,
                "damping_constant": 0.007402829196168478,
                "air_resistance_coefficient": 0.00015468482254340848,
                "constant_force": 0.002248497652438174,
                "k_had_break": 3.770003052873874e-15,
                "k_num_uses": -2.8870550367405286e-15
            },
            "num_jumps_trained_on": 78,
            "MAE_from_random_validation": NaN,
            "MSE_from_random_validation": NaN,
            "num_jumps_validated_on": 18
        },
        {
            "cord_serial_number": 66454822,
            "fitting_params": {
                "spring_constant": 4.079901285534756,
                "damping_constant": 0.007108008912043608,
                "air_resistance_coefficient": 1.1640893037104109e-05,
                "constant_force": 0.0012875209466145841,
                "k_had_break": 2.0581292954019346e-14,
                "k_num_uses": -1.4233529416461437e-17
            },
            "num_jumps_trained_on": 79,
            "MAE_from_random_validation": NaN,
            "MSE_from_random_validation": NaN,
            "num_jumps_validated_on": 19
        },
        {
            "cord_serial_number": 66454822,
            "fitting_params": {
                "spring_constant": 3.899490957570542,
                "damping_constant": 0.009608449098601,
                "air_resistance_coefficient": 2.561039420023838e-07,
                "constant_force": 0.00011461409587812998,
                "k_had_break": 5.990338068020924e-15,
                "k_num_uses": -7.20363293743565e-05
            },
            "num_jumps_trained_on": 41,
            "MAE_from_random_validation": 2.5567000667954414,
            "MSE_from_random_validation": 11.888439904088075,
            "num_jumps_validated_on": 10
        },
        {
            "cord_serial_number": 66454822,
            "fitting_params": {
                "spring_constant": 1.5868242837210067,
                "damping_constant": 0.06878038882218243,
                "air_resistance_coefficient": 0.0008746065836751711,
                "constant_force": 61.16482065370175,
                "k_had_break": 4.08781772115777e-06,
                "k_num_uses": -0.0022468314223966523
            },
            "num_jumps_trained_on": 4,
            "MAE_from_random_validation": 10.327013855657178,
            "MSE_from_random_validation": 106.64721517493534,
            "num_jumps_validated_on": 1
        },
        {
            "cord_serial_number": 66454822,
            "fitting_params": {
                "spring_constant": 2.1080355236197534,
                "damping_constant": 0.0838095107206182,
                "air_resistance_coefficient": 0.0016088369080094228,
                "constant_force": 0.022068242885282075,
                "k_had_break": 5.521679335289667e-05,
                "k_num_uses": -0.0006322881443014833
            },
            "num_jumps_trained_on": 4,
            "MAE_from_random_validation": 7.928150172733229,