{
    "serial_number": 65564834,
    "color": "Purple",
    "weight": 60,
    "mass": 1.8648598247031765,
    "unstretched_length": 55.583333333333336,
    "force_at_300_elongation": 810.0,
    "number_of_jumps": 330,
    "fit_and_validate_results": [
        {
            "cord_serial_number": 65564834,
            "fitting_params": {
                "spring_constant": 5.414192709158765,
                "damping_constant": 0.018299235096425438,
                "air_resistance_coefficient": 1.4326740649294622e-06,
                "constant_force": 1.751458351105821e-07,
                "k_had_break": 6.456102918596703e-15,
                "k_num_uses": -5.644635293770975e-05
            },
            "num_jumps_trained_on": 264,
            "MAE_from_random_validation": 2.500821251323934,
            "MSE_from_random_validation": 11.654776534180344,
            "num_jumps_validated_on": 66
        },
        {
            "cord_serial_number": 65564834,
            "fitting_params": {
                "spring_constant": 5.290635341040547,
                "damping_constant": 0.020006783602737062,
                "air_resistance_coefficient": 4.6933579986418836e-05,
                "constant_force": 2.859177549506758e-05,
                "k_had_break": 9.894919457001956e-16,
                "k_num_uses": -4.161916420233522e-05
            },
            "num_jumps_trained_on": 264,
            "MAE_from_random_validation": 2.219651147270116,
            "MSE_from_random_validation": 7.567746069595787,
            "num_jumps_validated_on": 66
        },
        {
            "cord_serial_number": 65564834,
            "fitting_params": {
                "spring_constant": 5.433945817402691,
                "damping_constant": 0.01759441971856619,
                "air_resistance_coefficient": 3.5945071898006094e-06,
                "constant_force": 3.576884471627376e-05,
                "k_had_break": 2.6125415399892895e-14,
                "k_num_uses": -4.735083378661645e-05
            },
            "num_jumps_trained_on": 264,
            "MAE_from_random_validation": 2.516194821466896,
            "MSE_from_random_validation": 12.312817839258761,
            "num_jumps_validated_on": 66
        },
        {
            "cord_serial_number": 65564834,
            "fitting_params": {
                "spring_constant": 5.487688115784091,
                "damping_constant": 0.016835525577266888,
                "air_resistance_coefficient": 4.4242920117908086e-07,
                "constant_force": 3.315987123629274e-05,
                "k_had_break": 1.9407364691867507e-14,
                "k_num_uses": -4.732335170105418e-05
            },
            "num_jumps_trained_on": 264,
            "MAE_from_random_validation": 2.6116123384992007,
            "MSE_from_random_validation": 11.924351245859432,
            "num_jumps_validated_on": 66
        }
    ]
}