{
    "serial_number": 66114828,
    "batch": "180432",
    "color": "Red",
    "weight": 58.58666666666667,
    "mass": 1.8209320154990574,
    "unstretched_length": 56.333333333333336,
    "force_at_300_elongation": 660.0,
    "number_of_jumps": 746,
    "fit_and_validate_results": [
        {
            "cord_serial_number": 66114828,
            "fitting_params": {
                "spring_constant": 4.459699784683938,
                "damping_constant": 0.016594787603427183,
                "air_resistance_coefficient": 7.367509160000987e-08,
                "constant_force": 0.6266732740206917,
                "k_had_break": 9.152812736971267e-15,
                "k_num_uses": -6.291114591885112e-05
            },
            "num_jumps_trained_on": 31,
            "MAE_from_random_validation": 1.9443336485668252,
            "MSE_from_random_validation": 5.560550966511811,
            "num_jumps_validated_on": 7
        }
    ]
}