{
    "serial_number": 66124828,
    "batch": "180432",
    "color": "Red",
    "weight": 58.760000000000005,
    "mass": 1.8263193883259776,
    "unstretched_length": 56.5,
    "force_at_300_elongation": 660.0,
    "number_of_jumps": 753,
    "fit_and_validate_results": [
        {
            "cord_serial_number": 66124828,
            "fitting_params": {
                "spring_constant": 4.6015297563766016,
                "damping_constant": 0.01805415257404368,
                "air_resistance_coefficient": 8.21257788997517e-09,
                "constant_force": 0.0002055607298416021,
                "k_had_break": 1.8145433085179184e-15,
                "k_num_uses": -8.455878897097561e-05
            },
            "num_jumps_trained_on": 33,
            "MAE_from_random_validation": 2.3080392131392626,
            "MSE_from_random_validation": 7.39165579299198,
            "num_jumps_validated_on": 8
        }
    ]
}