{
    "serial_number": 65564834,
    "color": "Purple",
    "weight": 60,
    "mass": 1.8648598247031765,
    "unstretched_length": 55.583333333333336,
    "force_at_300_elongation": 810.0,
    "number_of_jumps": 330,
    "fit_and_validate_results": [
        {
            "cord_serial_number": 65564834,
            "fitting_params": {
                "spring_constant": 5.414192709158765,
                "damping_constant": 0.018299235096425438,
                "air_resistance_coefficient": 1.4326740649294622e-06,
                "constant_force": 1.751458351105821e-07,
                "k_had_break": 6.456102918596703e-15,
                "k_num_uses": -5.644635293770975e-05
            },
            "num_jumps_trained_on": 264,
            "MAE_from_random_validation": 2.500821251323934,
            "MSE_from_random_validation": 11.654776534180344,
            "num_jumps_validated_on": 66
        }
    ]
}