{
    "serial_number": 65524822,
    "color": "Blue",
    "weight": 45,
    "mass": 1.3986448685273825,
    "unstretched_length": 56.416666666666664,
    "force_at_300_elongation": 530,
    "fit_and_validate_results": [
        {
            "cord_serial_number": 65524822,
            "fitting_params": {
                "spring_constant": 4.093651491380478,
                "damping_constant": 0.009533745472396857,
                "air_resistance_coefficient": 5.6101728348329416e-08,
                "constant_force": 8.425323715809905e-14,
                "k_had_break": 1.9413394120109136e-09,
                "k_num_uses": -3.729506584164579e-05
            },
            "num_jumps_trained_on": 50,
            "MAE_from_random_validation": 2.572089712481087,
            "MSE_from_random_validation": 13.94402814136634,
            "num_jumps_validated_on": 50
        },
        {
            "cord_serial_number": 65524822,
            "fitting_params": {
                "spring_constant": 4.118973390093485,
                "damping_constant": 0.010503251087933112,
                "air_resistance_coefficient": 2.544251416648241e-12,
                "constant_force": 1.4604914973622305e-06,
                "k_had_break": 4.298086198276308e-16,
                "k_num_uses": -7.282713194148358e-05
            },
            "num_jumps_trained_on": 50,
            "MAE_from_random_validation": 3.6897070851848666,
            "MSE_from_random_validation": 31.404913261173,
            "num_jumps_validated_on": 50
        }
    ]
}