{
    "serial_number": 63444816,
    "batch": "166891",
    "color": "Yellow",
    "weight": 33,
    "mass": 1.0256729035867471,
    "unstretched_length": 56.333333333333336,
    "force_at_300_elongation": 380.0,
    "number_of_jumps": 102,
    "fit_and_validate_results": [
        {
            "cord_serial_number": 63444816,
            "fitting_params": {
                "spring_constant": 2.8460365002426022,
                "damping_constant": 0.007821366267329957,
                "air_resistance_coefficient": 3.447539584973589e-07,
                "constant_force": 4.27640848871569e-06,
                "k_had_break": 2.6283897721012685e-12,
                "k_num_uses": -5.114185750099102e-11
            },
            "num_jumps_trained_on": 81,
            "MAE_from_random_validation": 8.226020155704422,
            "MSE_from_random_validation": 401.1222711245113,
            "num_jumps_validated_on": 20
        },
        {
            "cord_serial_number": 63444816,
            "fitting_params": {
                "spring_constant": 3.4980916749451327,
                "damping_constant": 1.1407097161143112e-11,
                "air_resistance_coefficient": 9.801152590827983e-10,
                "constant_force": 1.951083613529656e-07,
                "k_had_break": 6.378649970784376e-15,
                "k_num_uses": -1.328772441056699e-13
            },
            "num_jumps_trained_on": 81,
            "MAE_from_random_validation": 4.216905994790874,
            "MSE_from_random_validation": 28.25926570515936,
            "num_jumps_validated_on": 20
        },
        {
            "cord_serial_number": 63444816,
            "fitting_params": {
                "spring_constant": 3.5213090760117054,
                "damping_constant": 3.9463759687833603e-13,
                "air_resistance_coefficient": 1.3475975047427918e-10,
                "constant_force": 9.301866458363837e-09,
                "k_had_break": 3.3784395592243705e-15,
                "k_num_uses": -7.924847926336513e-16
            },
            "num_jumps_trained_on": 81,
            "MAE_from_random_validation": 2.9543638321979175,
            "MSE_from_random_validation": 18.35209768584586,
            "num_jumps_validated_on": 20
        },
        {
            "cord_serial_number": 63444816,
            "fitting_params": {
                "spring_constant": 3.5068875672555673,
                "damping_constant": 2.2174930581869917e-15,
                "air_resistance_coefficient": 1.3858006431689401e-08,
                "constant_force": 1.700711579220599e-05,
                "k_had_break": 9.219215233852493e-11,
                "k_num_uses": -2.6113600324697027e-10
            },
            "num_jumps_trained_on": 81,
            "MAE_from_random_validation": 3.5011452013304485,
            "MSE_from_random_validation": 18.262477353057033,
            "num_jumps_validated_on": 20
        },
        {
            "cord_serial_number": 63444816,
            "fitting_params": {
                "spring_constant": 3.5455470006581464,
                "damping_constant": 1.256219383711637e-13,
                "air_resistance_coefficient": 0.00016565763159811858,
                "constant_force": 0.006701607998564154,
                "k_had_break": 1.0000001052500687e-10,
                "k_num_uses": -4.106135198123094e-17
            },
            "num_jumps_trained_on": 8,
            "MAE_from_random_validation": 1.2223514736263001,
            "MSE_from_random_validation": 1.4950920651281736,
            "num_jumps_validated_on": 2
        },
        {
            "cord_serial_number": 63444816,
            "fitting_params": {
                "spring_constant": 1.048493400583909,
                "damping_constant": 0.3383411679989361,
                "air_resistance_coefficient": 0.001670442640273762,
                "constant_force": 8.792654916096735,
                "k_had_break": 2.6788190876660117e-14,
                "k_num_uses": -4.8424245992323595e-18
            },
            "num_jumps_trained_on": 8,
            "MAE_from_random_validation": 4.018449703322462,
            "MSE_from_random_validation": 17.36714813766175,
            "num_jumps_validated_on": 2
        }
    ]
}